date_time_booking_made,player_login_name,required_booking_date
2024-10-22 0:55:03,bill,2024-11-12
2024-10-22 0:55:03,fiona,2024-11-12
2024-10-22 0:55:03,james,2024-11-12
2024-10-22 0:55:03,jane,2024-11-12
2024-10-22 0:55:03,john,2024-11-12
2024-10-22 0:55:03,jojo,2024-11-12
2024-10-22 0:55:03,marynich,2024-11-12
2024-10-22 0:55:03,meredith,2024-11-12
2024-10-22 0:55:03,mike,2024-11-12
2024-10-22 0:55:03,momo,2024-11-12
2024-10-22 0:55:03,nick,2024-11-12
2024-10-22 0:55:03,robert,2024-11-12
2024-10-22 0:55:03,sarah,2024-11-12
2024-10-22 0:55:03,bill,2024-11-12
2024-10-22 0:55:03,fiona,2024-11-12
2024-10-22 0:55:03,james,2024-11-12
2024-10-22 0:55:03,jane,2024-11-12
2024-10-22 0:55:03,john,2024-11-12
