booking_id,date_time_booking_made,player_login_name,required_booking_date
1,2024-10-22 11:33:50.904390,robert,24/10/2024
2,2024-10-22 11:33:50.904390,meredith,31/10/2024
3,2024-10-22 11:33:50.904390,marynich,22/10/2024
4,2024-10-22 11:33:50.904390,marynich,22/10/2024
5,2024-10-22 11:33:50.904390,meredith,5/11/2024
6,2024-10-22 11:33:50.904390,jane,19/12/2024
7,2024-10-22 11:33:50.904390,meredith,22/10/2024
8,2024-10-22 11:33:50.904390,meredith,19/12/2024
9,2024-10-22 11:33:50.904390,marynich,29/10/2024
10,2024-10-22 11:33:50.904390,robert,19/12/2024
11,2024-10-22 11:33:50.904390,nick,24/10/2024
12,2024-10-22 11:33:50.904390,jojo,17/12/2024
13,2024-10-22 11:33:50.904390,meredith,17/12/2024
14,2024-10-22 11:33:50.904390,jane,12/11/2024
15,2024-10-22 11:33:50.904390,meredith,19/12/2024
16,2024-10-22 11:33:50.904390,jane,19/11/2024
17,2024-10-22 11:33:50.904390,marynich,22/10/2024
18,2024-10-22 11:33:50.904390,james,24/10/2024
19,2024-10-22 11:33:50.904390,bill,14/11/2024
20,2024-10-22 11:33:50.904390,bill,22/10/2024
21,2024-10-22 11:33:50.904390,mike,22/10/2024
22,2024-10-22 11:33:50.904390,james,28/11/2024
23,2024-10-22 11:33:50.904390,john,17/12/2024
24,2024-10-22 11:33:50.904390,jojo,19/12/2024
25,2024-10-22 11:33:50.904390,john,12/12/2024
26,2024-10-22 11:33:50.904390,fiona,24/10/2024
27,2024-10-22 11:33:50.904390,bill,19/12/2024
28,2024-10-22 11:33:50.904390,mike,10/12/2024
29,2024-10-22 11:33:50.904390,bill,19/12/2024
30,2024-10-22 11:33:50.904390,nick,24/10/2024
